Product,Current price,old price,Discount Amount,Discount,Performance Discount,Review,Performance,Ratings,
32PCS Portable Cordless Drill Set With Cyclic Battery Drive -26 Variable Speed,3750,6143,2393,39%,Medium Discount,-5,Average,3.0,
"Konka Healty Electric Kettle, 24-hour Heat Preservation,1.5L,800W, White",3640,4588,948,21%,Medium Discount,-1,Excellent,5.0,
"220V 60W Electric Soldering Iron Kits With Tools, Tips, And Multimeter",2999,3290,291,9%,low Discount,-15,Average,4.0,
LED Wall Digital Alarm Clock Study Home 12 / 24H Clock Calendar,2999,3699,700,19%,low Discount,-5,Excellent,4.6,
Portable Wardrobe Nonwoven With 3 Hanging Rods And 6 Storage Shelves,2880,3520,640,18%,low Discount,-12,Average,3.8,
137 Pieces Cake Decorating Tool Set Baking Supplies,2319,3032,713,24%,Medium Discount,-55,Excellent,4.6,
Large Lazy Inflatable Sofa Chairs PVC Lounger Seat Bag,2300,3240,940,29%,Medium Discount,-5,Average,3.0,
Portable Mini Cordless Car Vacuum Cleaner - Blue,2199,2923,724,25%,Medium Discount,-24,Excellent,4.6,
5 Pieces/set Of Stainless Steel Induction Cooker Pots,2170,2500,330,13%,low Discount,-6,Poor,2.5,
5-PCS Stainless Steel Cooking Pot Set With Steamed Slices,2115,4700,2585,55%,High Discount,-13,Poor,2.1,
LASA 3 Tier Bamboo Shoe Bench Storage Shelf,2048,4500,2452,54%,High Discount,-7,Excellent,4.3,
LASA Aluminum Folding Truck Hand Cart - 68kg Max,2025,3971,1946,49%,High Discount,-3,Excellent,5.0,
53 Pieces/Set Yarn Knitting Crochet Hooks With Bag - Pansies,1980,2699,719,27%,Medium Discount,-32,Excellent,4.5,
53Pcs/Set Yarn Knitting Crochet Hooks With Bag - Fortune Cat,1940,2650,710,27%,Medium Discount,-20,Excellent,4.7,
"LED Eye Protection  Desk Lamp , Study, Reading, USB Fan - Double Pen Holder",1820,3490,1670,48%,High Discount,-9,Excellent,4.3,
"1/2/3 Seater Elastic Sofa Cover,Living Room/Home Decor Chair Cover-Grey",1800,2700,900,38%,Medium Discount,-2,Excellent,4.5,
52 Pieces Cake Decorating Tool Set Gift Kit Baking Supplies,1758,2499,741,30%,Medium Discount,-20,Excellent,4.1,
Portable Home Small Air Humidifier 3-Speed Fan - Green,1740,2356,616,26%,Medium Discount,-5,Excellent,4.8,
Multifunction Laser Level With Adjustment Tripod,1680,2499,819,33%,Medium Discount,-9,Excellent,4.2,
Foldable Overbed Table/Desk,1650,2150,500,23%,Medium Discount,-14,Excellent,4.4,
"DIY File Folder, Office Drawer File Holder, Pen Holder, Desktop Storage Rack",1620,2690,1070,40%,Medium Discount,-1,Excellent,5.0,
"4pcs Bathroom/Kitchen Towel Rack,Roll Paper Holder,Towel Bars,Hook",1860,3220,,42%,,,,,
13 In 1 Home Repair Tools Box Kit Set,1600,2929,1329,45%,High Discount,-5,Average,3.8,
Weighing Scale Digital Bathroom Body Fat Scale USB-Black,1580,2499,919,37%,Medium Discount,-7,Excellent,4.7,
"Electric LED UV Mosquito Killer Lamp, Outdoor/Indoor Fly Killer Trap Light -USB",1570,2988,1418,47%,High Discount,-7,Poor,2.1,
12 Litre Black Insulated Lunch Box,1350,1990,640,32%,Medium Discount,-13,Average,3.8,
LASA FOLDING TABLE SERVING STAND,1274,2800,1526,55%,High Discount,-5,Excellent,4.8,
VIC Wireless Vacuum Cleaner Dual Use For Home And Car 120W High Power Powerful,1220,1555,335,22%,Medium Discount,-16,Poor,2.9,
"Memory Foam Neck Pillow Cover, With Pillow Core - 50*30cm",1189,2199,1010,46%,High Discount,-1,Average,3.0,
MultiFunctional Storage Rack Multi-layer Bookshelf,2200,4080,,46%,,,,,
380ML USB Rechargeable Portable Small Blenders And Juicers,1000,2000,1000,50%,High Discount,-7,Poor,2.3,
3D Waterproof EVA Plastic Shower Curtain 1.8*2Mtrs,998,1966,968,49%,High Discount,-44,Excellent,4.6,
100 Pcs Crochet Hook Tool Set Knitting Hook Set With Box,990,1500,510,34%,Medium Discount,-39,Excellent,4.7,
Artificial Potted Flowers Room Decorative Flowers (2 Pieces),990,1814,824,45%,High Discount,-6,Poor,2.2,
Desk Foldable Fan Adjustable Fan Strong Wind 3 Gear Usb,988,1580,592,37%,Medium Discount,-2,Average,4.0,
12 Litre Insulated Lunch Box Grey,980,1490,510,34%,Medium Discount,-12,Excellent,4.7,
Bedroom Simple Floor Hanging Clothes Rack Single Pole Hat Rack - White,979,1920,941,49%,High Discount,-1,Excellent,5.0,
"7-piece Set Of Storage Bags, Travel Storage Bags, Shoe Bags",968,1814,846,47%,High Discount,-6,Poor,2.2,
115  Piece Set Of Multifunctional Precision Screwdrivers,950,1525,575,38%,Medium Discount,-2,Excellent,4.5,
LASA Stainless Steel Double Wall Mount Soap Dispenser - 500ml,2750,4471,,38%,,,,,
4M Float Switch Water Level Controller -Water Tank,475,931,,49%,,,,,
Modern Sofa Throw Pillow Cover-45x45cm-Blue&Red,238,476,,50%,,,,,
"Balloon Insert, Birthday Party Balloon Set, PU Leather",610,1060,,42%,,,,,
Shower Cap Wide Elastic Band Cover Reusable Bashroom Cap,2132,2169,,2%,,,,,
Christmas Elk Fence Yard Lawn Decorations Cute For Holidays,999,2000,,50%,,,,,
60W Hot Melt Glue Sprayer - Efficient And Stable Glue Dispensing,1190,1785,,33%,,,,,
Car Phone Charging Stand,671,1316,,49%,,,,,
2pcs Solar Street Light Flood Light Outdoor,1200,1950,,38%,,,,,
Creative Owl Shape Keychain Black,199,504,,61%,,,,,
Brush & Paintbrush Cleaning Tool Pink,299,600,,50%,,,,,
Pen Grips For Kids Pen Grip Posture Correction Tool For Kids,1660,1699,,2%,,,,,
Pilates Cloth Bag Waterproof Durable High Capacity Purple,299,384,,22%,,,,,
Multi-purpose Rice Drainage Basket And Fruit And Vegetable Drainage Sieve,1459,1499,,3%,,,,,
Cute Christmas Fence Garden Decorations For Holiday Home,799,1343,,41%,,,,,
Simple Metal Dog Art Sculpture Decoration For Home Office,499,900,,45%,,,,,
Christmas Fence Garden Decorations Outdoor For Holiday Home,699,1343,,48%,,,,,
Angle Measuring Tool Full Metal Multi Angle Measuring Tool,799,1567,,49%,,,,,
12V 19500rpm Handheld Electric Angle Grinder Tool - UK - Yellow/Black,2799,3810,,27%,,,,,
Simple Metal Dog Art Sculpture Decoration For Home Office,399,896,,55%,,,,,
"LED Romantic Spaceship Starry Sky Projector,Children's Bedroom Night Light-Blue",880,1350,470,35%,Medium Discount,-6,Average,4.0,
Genebre 115 In 1 Screwdriver Repairing Tool Set For IPhone Cellphone Hand Tool,799,999,200,20%,Medium Discount,-12,Excellent,4.1,
40cm Gold DIY Acrylic Wall Sticker Clock,552,1035,483,47%,High Discount,-12,Excellent,4.8,
Metal Decorative Hooks Key Hangers Entryway Wall Hooks Towel Hooks - Home,527,999,472,47%,High Discount,-14,Excellent,4.1,
Wrought Iron Bathroom Shelf Wall Mounted Free Punch Toilet Rack,509,899,390,43%,High Discount,-5,Average,3.0,
LASA Digital Thermometer And Hydrometer,501,860,359,42%,High Discount,-6,Excellent,4.5,
Mythco 120COB Solar Wall Ligt With Motion Sensor And Remote Control 3 Modes,458,986,528,54%,High Discount,-10,Average,3.0,
Wall-mounted Sticker Punch-free Plug Fixer,450,900,450,50%,High Discount,-1,Poor,2.0,
120W Cordless Vacuum Cleaners Handheld Electric Vacuum Cleaner,445,873,428,49%,High Discount,-69,Poor,2.8,
Electronic Digital Display Vernier Caliper,420,647,227,35%,Medium Discount,-49,Excellent,4.6,
Punch-free Great Load Bearing Bathroom Storage Rack Wall Shelf-White,389,656,267,41%,High Discount,-36,Excellent,4.3,
Agapeon Toothbrush Holder And Toothpaste Dispenser,382,700,318,45%,High Discount,-17,Poor,2.6,
Watercolour Gold Foil Textured Print Pillow Cover,345,602,257,43%,High Discount,-6,Poor,2.3,
Anti-Skid Absorbent Insulation Coaster  For Home Office,332,684,352,51%,High Discount,-2,Excellent,5.0,
Household Pineapple Peeler Peeler,330,647,317,49%,High Discount,-1,Average,4.0,
2PCS/LOT Solar LED Outdoor Intelligent Light Controlled Wall Lamp,790,1485,,47%,,,,,
3PCS Rotary Scraper Thermomix For Kitchen,690,1200,,43%,,,,,
Cushion Silicone Butt Cushion Summer Ice Cushion Honeycomb Gel Cushion,1732,1799,,4%,,,,,
7PCS Silicone Thumb Knife Finger Protector Vegetable Harvesting Knife,230,450,,49%,,,,,
Intelligent  LED Body Sensor Wireless Lighting Night Light USB,325,680,355,52%,High Discount,-15,Poor,2.7,
Peacock  Throw Pillow Cushion Case For Home Car,195,360,165,46%,High Discount,-2,Excellent,5.0,
5m Waterproof Spherical LED String Lights Outdoor Ball Chain Lights Party Lighting Decoration Adjustable,1460,2290,,36%,,,,,
2 Pairs Cowhide Split Leather Work Gloves.32â„‰ Or Above Welding Gloves,1666,1699,,2%,,,,,
Exfoliate And Exfoliate Face Towel - Black,185,382,197,52%,High Discount,-9,Excellent,4.3,
Creative Owl Shape Keychain Black,176,345,,49%,,,,,
Office Chair Lumbar Back Support Spine Posture Correction Pillow Car Cushion,1466,1699,,14%,,,,,
Cartoon Car Decoration Cute Individuality For Car Home Desk,274,537,,49%,,,,,
Outdoor Portable Water Bottle With Medicine Box - 600ML - Black,799,900,,11%,,,,,
Angle Measuring Tool Full Metal Multi Angle Measuring Tool,657,1288,,49%,,,,,
Wall-Mounted Toothbrush Toothpaste Holder With Multiple Slots,1468,1699,,14%,,,,,
Multifunctional Hanging Storage Box Storage Bag (4 Layers),630,1100,,43%,,,,,
Wall Clock With Hidden Safe Box,850,1700,,50%,,,,,
Portable Wine Table With Folding Round Table,1300,2500,,48%,,,,,
Sewing Machine Needle Threader Stitch Insertion Tool Automatic Quick Sewing,105,200,,48%,,,,,
6 Layers Steel Pipe Assembling Dustproof Storage Shoe Cabinet,899,1699,,47%,,,,,
2PCS Ice Silk Square Cushion Cover Pillowcases - 65x65cm,1200,2400,,50%,,,,,
Wall Mount Automatic Toothpaste Dispenser Toothbrush Holder Toothpaste Squeezer,1526,1660,,8%,,,,,
Portable Soap Dispenser Kitchen Detergent Press Box Kitchen Tools,1462,1499,,2%,,,,,
4 Piece Coloured Stainless Steel Kitchenware Set,248,486,,49%,,,,,
Metal Wall Clock Silver Dial Crystal Jewelry Round Home Decoration Wall Clock,3546,3699,,4%,,,,,
Baby Early Education Shape And Color Cognitive Training Toys,525,1029,,49%,,,,,
8in1 Screwdriver With LED Light,1080,1874,,42%,,,,,
Classic Black Cat Cotton Hemp Pillow Case For Home Car,171,360,189,53%,High Discount,-2,Excellent,5.0,
"9pcs Gas Mask, For Painting, Dust, Formaldehyde Grinding, Polishing",1420,2420,,41%,,,,,
24 Grid Wall-mounted Sundries Organiser Fabric Closet Bag Storage Rack,1875,1899,,1%,,,,,
1PC Refrigerator Food Seal Pocket Fridge Bags,198,260,,24%,,,,,
LED Solar Street Light-fake Camera,1150,1737,,34%,,,,,
Cartoon Embroidered Mini Towel Bear Cotton Wash Cloth Hand 4pcs,1190,1810,,34%,,,,,
Shower Nozzle Cleaning Unclogging Needle Mini Crevice Small Hole Cleaning Brush,1658,1699,,2%,,,,,
Thickening Multipurpose Non Stick Easy To Clean Heat Resistant Spoon Pad,1768,1799,,2%,,,,,
6 In 1 Bottle Can Opener Multifunctional Easy Opener,199,553,,64%,,,,,
3PCS Single Head Knitting Crochet Sweater Needle Set,38,80,42,53%,High Discount,-13,Average,3.3,
Black Simple Water Cup Wine Coaster Anti Slip Absorbent,169,320,,47%,,,,,
,,,,,,,,,
AVERAGE,1196,1825,751,37%,,,,3.9,
,,,,,,,,,
